	SPOKE	EHR
0	DOID:1686	365
1	DOID:1686	365.9
2	DOID:1686	377.14
3	DOID:1686	365.1
4	DOID:1686	365.10
5	DOID:1686	365.13
6	DOID:1686	365.81
7	DOID:1686	365.83
8	DOID:1686	365.59
9	DOID:1686	365.65
10	DOID:1686	365.00
11	DOID:1686	365.3
12	DOID:1686	365.9
13	DOID:1686	365
14	DOID:1686	H40
15	DOID:1686	H40.839
16	DOID:1686	H40.832
17	DOID:1686	H40.833
18	DOID:1686	H40.041
19	DOID:1686	H40.043
20	DOID:1686	H40.042
21	DOID:1686	H40.049
22	DOID:1686	H40.1214
23	DOID:1686	H40.063
24	DOID:1686	H40.1210
25	DOID:1686	H40.1211
26	DOID:1686	H40.1212
27	DOID:1686	H40.1213
28	DOID:1686	H40.1393
29	DOID:1686	H40.052
30	DOID:1686	H40.053
31	DOID:1686	H40.051
32	DOID:1686	H40.059
33	DOID:1686	H40.2214
34	DOID:1686	H40.029
35	DOID:1686	H40.9
36	DOID:1686	H40.2220
37	DOID:1686	H40.2221
38	DOID:1686	H40.2222
39	DOID:1686	H40.2223
40	DOID:1686	H40.2224
41	DOID:1686	H40.813
42	DOID:1686	H40.819
43	DOID:1686	H40.1320
44	DOID:1686	H40.1321
45	DOID:1686	H40.1322
46	DOID:1686	H40.1323
47	DOID:1686	H40.211
48	DOID:1686	H40.212
49	DOID:1686	H40.213
50	DOID:1686	H40.219
51	DOID:1686	H40.023
52	DOID:1686	H40.022
53	DOID:1686	H40.021
54	DOID:1686	H40.1294
55	DOID:1686	H40.1290
56	DOID:1686	H40.1291
57	DOID:1686	H40.1292
58	DOID:1686	H40.1293
59	DOID:1686	H40.2233
60	DOID:1686	H40.2232
61	DOID:1686	H40.2231
62	DOID:1686	H40.2230
63	DOID:1686	H40.2234
64	DOID:1686	H40.1232
65	DOID:1686	H40.1233
66	DOID:1686	H40.1230
67	DOID:1686	H40.1231
68	DOID:1686	H40.1234
69	DOID:1686	H40.1333
70	DOID:1686	H40.1332
71	DOID:1686	H40.1331
72	DOID:1686	H40.1330
73	DOID:1686	H40.1334
74	DOID:1686	H40.1390
75	DOID:1686	H40.243
76	DOID:1686	H40.031
77	DOID:1686	H40.032
78	DOID:1686	H40.033
79	DOID:1686	H40.039
80	DOID:1686	H40.1224
81	DOID:1686	H40.1221
82	DOID:1686	H40.1220
83	DOID:1686	H40.1223
84	DOID:1686	H40.1222
85	DOID:1686	H40.812
86	DOID:1686	H40.239
87	DOID:1686	H40.1430
88	DOID:1686	H40.233
89	DOID:1686	H40.1432
90	DOID:1686	H40.1433
91	DOID:1686	H40.1434
92	DOID:1686	H40.001
93	DOID:1686	H40.003
94	DOID:1686	H40.002
95	DOID:1686	H40.009
96	DOID:1686	H40.1311
97	DOID:1686	H40.1310
98	DOID:1686	H40.1313
99	DOID:1686	H40.1312
100	DOID:1686	H40.1314
101	DOID:1686	H40.1423
102	DOID:1686	H40.1421
103	DOID:1686	H40.1420
104	DOID:1686	H40.1424
105	DOID:1686	H40.2211
106	DOID:1686	H40.153
107	DOID:1686	H40.249
108	DOID:1686	H40.019
109	DOID:1686	H40.012
110	DOID:1686	H40.013
111	DOID:1686	H40.159
112	DOID:1686	H40.011
113	DOID:1686	H40.2210
114	DOID:1686	H40.1494
115	DOID:1686	H40.1492
116	DOID:1686	H40.1493
117	DOID:1686	H40.1490
118	DOID:1686	H40.1491
119	DOID:1686	H40.1412
120	DOID:1686	H40.1410
121	DOID:1686	H40.2213
122	DOID:1686	H40.069
123	DOID:1686	H40.1391
124	DOID:1686	H40.062
125	DOID:1686	H40.061
126	DOID:1686	H40.1392
127	DOID:1686	H40.1394
128	DOID:1686	H40.89
129	DOID:1686	H40.2212
130	DOID:1686	H40.2291
131	DOID:1686	H40.2290
132	DOID:1686	H40.2293
133	DOID:1686	H40.2292
134	DOID:1686	H42
135	DOID:1686	H40
136	DOID:1686	H40.2294
137	DOID:1686	H40.9
138	DOID:1686	H47.23
139	DOID:1686	H40.1
140	DOID:1686	H40.10
141	DOID:1686	H40.13
142	DOID:1686	H40.82
143	DOID:1686	H40.83
144	DOID:1686	H40.00
145	DOID:4989	577.0
146	DOID:4989	577.0
147	DOID:4989	577.1
148	DOID:4989	K85.9
149	DOID:4989	K85
150	DOID:4989	K85.9
151	DOID:1115	171
152	DOID:1115	171.9
153	DOID:1115	202.6
154	DOID:1115	200.0
155	DOID:1115	200.1
156	DOID:1115	200.7
157	DOID:1115	171.9
158	DOID:1115	C49
159	DOID:1115	C96.2
160	DOID:1115	C85.9
161	DOID:9008	696.0
162	DOID:9008	696.0
163	DOID:9008	L40.5
164	DOID:9008	L40.50
165	DOID:585	592
166	DOID:585	592.0
167	DOID:585	N20
168	DOID:585	N20.2
169	DOID:10608	579.0
170	DOID:10608	579.0
171	DOID:10608	K90.0
172	DOID:2531	208
173	DOID:2531	208.9
174	DOID:2531	205.3
175	DOID:2531	208.90
176	DOID:2531	202.80
177	DOID:2531	203.00
178	DOID:2531	C85.9
179	DOID:2531	C95
180	DOID:2531	C95.9
181	DOID:2531	C95.90
182	DOID:2531	D47.0
183	DOID:2531	D47.1
184	DOID:2531	C92.3
185	DOID:2531	C92.30
186	DOID:11934	195.0
187	DOID:1245	184.4
188	DOID:1245	184.1
189	DOID:1245	184.2
190	DOID:1245	184.3
191	DOID:1245	184.4
192	DOID:1245	C51
193	DOID:1245	C51.9
194	DOID:1245	C51.0
195	DOID:1245	C51.1
196	DOID:1245	C51.2
197	DOID:11239	153.5
198	DOID:11239	153.5
199	DOID:11239	C18.1
200	DOID:175	194.5
201	DOID:175	239.2
202	DOID:175	C75.4
203	DOID:1192	215.9
204	DOID:9744	250.01
205	DOID:9744	E10
206	DOID:1909	172
207	DOID:1909	172.0
208	DOID:1909	172.2
209	DOID:1909	172.4
210	DOID:1909	172.5
211	DOID:1909	172.9
212	DOID:1909	172.9
213	DOID:1909	C43
214	DOID:1909	C43.0
215	DOID:1909	C43.2
216	DOID:1909	C43.4
217	DOID:1909	C43.9
218	DOID:12236	571.6
219	DOID:12236	571.6
220	DOID:12236	K74.3
221	DOID:12236	K74.5
222	DOID:8398	715.3
223	DOID:8398	715.90
224	DOID:3121	156.0
225	DOID:3121	155.1
226	DOID:3121	156.0
227	DOID:3121	C23
228	DOID:3083	492.8
229	DOID:3083	496
230	DOID:3083	J44.9
231	DOID:3083	J43.8
232	DOID:1595	311
233	DOID:1595	F53
234	DOID:6364	346
235	DOID:6364	346.9
236	DOID:6364	346.0
237	DOID:6364	346.1
238	DOID:6364	346.90
239	DOID:6364	346
240	DOID:6364	G43
241	DOID:6364	G43.9
242	DOID:6364	G43.909
243	DOID:6364	G43.1
244	DOID:6364	G43.109
245	DOID:6364	G43.0
246	DOID:6364	G43.009
247	DOID:1612	174.8
248	DOID:1612	175.9
249	DOID:1612	174.9
250	DOID:1612	C50
251	DOID:1612	C50
252	DOID:824	523.3
253	DOID:824	523.33
254	DOID:824	523.40
255	DOID:824	K05.3
256	DOID:824	K05.2
257	DOID:824	K04.5
258	DOID:10811	160.0
259	DOID:10811	160.0
260	DOID:10811	C30.0
261	DOID:11949	046.1
262	DOID:11949	046.19
263	DOID:11949	A81.0
264	DOID:11949	A81.00
265	DOID:5875	158
266	DOID:5875	158.0
267	DOID:5875	158.0
268	DOID:5875	C48
269	DOID:5875	C48.0
270	DOID:9074	710.0
271	DOID:9074	710.0
272	DOID:9074	M32
273	DOID:9074	M32.9
274	DOID:11920	162.0
275	DOID:11920	162.0
276	DOID:11920	C33
277	DOID:2998	186
278	DOID:2998	186.0
279	DOID:2998	186.9
280	DOID:2998	C62
281	DOID:2998	C62.9
282	DOID:2998	C62.90
283	DOID:2998	C62.0
284	DOID:1993	154.1
285	DOID:1993	154.1
286	DOID:1993	C20
287	DOID:4362	180
288	DOID:4362	180.9
289	DOID:4362	180.9
290	DOID:4362	C53
291	DOID:4362	C53.9
292	DOID:0050156	516.31
293	DOID:0050156	516.31
294	DOID:0050156	J84.112
295	DOID:4045	171.5
296	DOID:4045	C49
297	DOID:2994	183.0
298	DOID:2994	186.0
299	DOID:2994	222.0
300	DOID:7147	720.0
301	DOID:7147	720.0
302	DOID:7147	M45
303	DOID:11476	733.0
304	DOID:11476	733.00
305	DOID:11476	733.02
306	DOID:11476	733.00
307	DOID:11476	733.0
308	DOID:11476	M81.0
309	DOID:2043	070.30
310	DOID:7148	714.0
311	DOID:7148	714.3
312	DOID:7148	714.31
313	DOID:7148	714.32
314	DOID:7148	714.33
315	DOID:7148	714.0
316	DOID:7148	M06.9
317	DOID:7148	M08.4
318	DOID:7148	M08.40
319	DOID:12306	709.01
320	DOID:12306	709.01
321	DOID:12306	L80
322	DOID:10763	403.10
323	DOID:10763	403.11
324	DOID:10763	402.00
325	DOID:10763	402.01
326	DOID:10763	405.99
327	DOID:10763	405.91
328	DOID:10763	402.91
329	DOID:10763	402.90
330	DOID:10763	405.11
331	DOID:10763	401.0
332	DOID:10763	401.1
333	DOID:10763	404.00
334	DOID:10763	404.01
335	DOID:10763	404.02
336	DOID:10763	404.03
337	DOID:10763	405.19
338	DOID:10763	401.9
339	DOID:10763	401
340	DOID:10763	403.01
341	DOID:10763	403.00
342	DOID:10763	402.11
343	DOID:10763	402.10
344	DOID:10763	404.13
345	DOID:10763	404.12
346	DOID:10763	404.11
347	DOID:10763	404.10
348	DOID:10763	405.01
349	DOID:10763	405.09
350	DOID:10763	404.91
351	DOID:10763	404.90
352	DOID:10763	404.93
353	DOID:10763	404.92
354	DOID:10763	403.90
355	DOID:10763	403.91
356	DOID:10763	997.91
357	DOID:10763	401
358	DOID:10763	401.9
359	DOID:10763	405
360	DOID:10763	405.9
361	DOID:10763	401.9
362	DOID:10763	I10
363	DOID:10763	I12.9
364	DOID:10763	I15
365	DOID:10763	I13.11
366	DOID:10763	I12.0
367	DOID:10763	I13.2
368	DOID:10763	I10
369	DOID:10763	I13.0
370	DOID:10763	I13.10
371	DOID:10763	I11.9
372	DOID:10763	I15.0
373	DOID:10763	I11.0
374	DOID:10763	O14
375	DOID:10763	O14.9
376	DOID:10763	O14.90
377	DOID:10763	I10
378	DOID:10763	I15
379	DOID:10763	I15.9
380	DOID:10763	I27.2
381	DOID:1725	158.8
382	DOID:1725	183.5
383	DOID:1725	158.8
384	DOID:1725	C48.1
385	DOID:1725	C57.2
386	DOID:1725	C45.1
387	DOID:2841	493
388	DOID:2841	493.9
389	DOID:2841	493.82
390	DOID:2841	493.1
391	DOID:2841	493.91
392	DOID:2841	493.0
393	DOID:2841	493.90
394	DOID:2841	493
395	DOID:2841	J45
396	DOID:2841	J45.90
397	DOID:2841	J45.909
398	DOID:2841	J45.991
399	DOID:2841	J45
400	DOID:2841	J45
401	DOID:2355	285.9
402	DOID:2355	284.9
403	DOID:2355	284.1
404	DOID:2355	281.9
405	DOID:2355	285.9
406	DOID:2355	D64.9
407	DOID:2355	D50
408	DOID:2355	D61.9
409	DOID:2355	D61.81
410	DOID:1781	193
411	DOID:1781	193
412	DOID:1781	C73
413	DOID:5408	731.0
414	DOID:5408	M88
415	DOID:1793	157.0
416	DOID:1793	157.1
417	DOID:1793	157.2
418	DOID:1793	157.8
419	DOID:1793	157.9
420	DOID:1793	C25.0
421	DOID:1793	C25.1
422	DOID:1793	C25.2
423	DOID:1793	C25.4
424	DOID:1793	D13.7
425	DOID:2986	583.9
426	DOID:14330	332
427	DOID:14330	332.0
428	DOID:14330	332.0
429	DOID:14330	G20
430	DOID:11054	188
431	DOID:11054	188.9
432	DOID:11054	188.2
433	DOID:11054	188.5
434	DOID:11054	188.4
435	DOID:11054	188.0
436	DOID:11054	188.3
437	DOID:11054	188.7
438	DOID:11054	188.6
439	DOID:11054	188.1
440	DOID:11054	188.9
441	DOID:11054	C67
442	DOID:11054	C67.9
443	DOID:11054	C67.2
444	DOID:11054	C67.5
445	DOID:11054	C67.4
446	DOID:11054	C67.0
447	DOID:11054	C67.3
448	DOID:11054	C67.7
449	DOID:11054	C67.6
450	DOID:11054	C67.1
451	DOID:2596	161
452	DOID:2596	161.9
453	DOID:2596	161.2
454	DOID:2596	161.3
455	DOID:2596	161.1
456	DOID:2596	161.0
457	DOID:2596	161.9
458	DOID:2596	C32
459	DOID:2596	C32.9
460	DOID:2596	C32.2
461	DOID:2596	C32.3
462	DOID:2596	C32.1
463	DOID:2596	C32.0
464	DOID:119	184.0
465	DOID:119	184.0
466	DOID:119	C52
467	DOID:8893	696.3
468	DOID:8893	696.2
469	DOID:8893	696.4
470	DOID:8893	696.1
471	DOID:8893	L40
472	DOID:8893	L40.9
473	DOID:8893	L42
474	DOID:8893	L41
475	DOID:8893	L41.9
476	DOID:8893	L44.0
477	DOID:11119	307.23
478	DOID:11119	307.23
479	DOID:11119	F95.2
480	DOID:0060119	148
481	DOID:0060119	148.3
482	DOID:0060119	148.9
483	DOID:0060119	146
484	DOID:0060119	146.5
485	DOID:0060119	146.6
486	DOID:0060119	146.7
487	DOID:0060119	146.9
488	DOID:0060119	147
489	DOID:0060119	147.0
490	DOID:0060119	147.1
491	DOID:0060119	147.2
492	DOID:0060119	147.3
493	DOID:0060119	147.9
494	DOID:0060119	149.0
495	DOID:0060119	C13
496	DOID:0060119	C13.2
497	DOID:0060119	C13.9
498	DOID:0060119	C10
499	DOID:0060119	C10.2
500	DOID:0060119	C10.3
501	DOID:0060119	C10.8
502	DOID:0060119	C10.9
503	DOID:0060119	C11
504	DOID:0060119	C11.0
505	DOID:0060119	C11.1
506	DOID:0060119	C11.2
507	DOID:0060119	C11.3
508	DOID:0060119	C11.9
509	DOID:219	153
510	DOID:219	153.9
511	DOID:219	153.2
512	DOID:219	153.3
513	DOID:219	153.6
514	DOID:219	153.1
515	DOID:219	153.9
516	DOID:219	C18
517	DOID:219	C18.9
518	DOID:219	C18.6
519	DOID:219	C18.7
520	DOID:219	C18.2
521	DOID:219	C18.4
522	DOID:1324	162.3
523	DOID:1324	162.4
524	DOID:1324	162.5
525	DOID:1324	162.8
526	DOID:1324	162.2
527	DOID:1324	162.9
528	DOID:1324	C34.1
529	DOID:1324	C34.2
530	DOID:1324	C34.3
531	DOID:1324	C34.90
532	DOID:1324	C34.0
533	DOID:4606	156.1
534	DOID:4606	156.2
535	DOID:4606	156.1
536	DOID:4606	C24.0
537	DOID:4606	C24.1
538	DOID:216	521.0
539	DOID:216	521.00
540	DOID:216	521.06
541	DOID:216	521.07
542	DOID:216	521.02
543	DOID:216	521.05
544	DOID:216	521.08
545	DOID:216	521.01
546	DOID:216	521.00
547	DOID:216	K02
548	DOID:216	K02.6
549	DOID:216	K02.9
550	DOID:1790	163.9
551	DOID:1790	C45.1
552	DOID:1790	C45.2
553	DOID:1790	C45.0
554	DOID:9352	250.7
555	DOID:9352	250.1
556	DOID:9352	250.00
557	DOID:9352	E11
558	DOID:5612	192.2
559	DOID:5612	192.3
560	DOID:5612	192.2
561	DOID:5612	C72.0
562	DOID:5612	C70.1
563	DOID:1312	582.1
564	DOID:1024	030
565	DOID:1024	030.9
566	DOID:1024	030.3
567	DOID:1024	030.1
568	DOID:1024	030.0
569	DOID:1024	030.2
570	DOID:1024	030.9
571	DOID:1024	A30
572	DOID:1024	A30.9
573	DOID:1024	A30.3
574	DOID:1024	A30.1
575	DOID:1024	A30.5
576	DOID:1024	A30.0
577	DOID:11714	648.80
578	DOID:11714	O24.4
579	DOID:9296	749.1
580	DOID:9296	749.10
581	DOID:9296	749.11
582	DOID:9296	749.10
583	DOID:9296	Q36
584	DOID:9296	Q36.9
585	DOID:3565	225.2
586	DOID:3565	D32.9
587	DOID:14227	606.0
588	DOID:14227	606.0
589	DOID:14227	N46.0
590	DOID:14227	N46.01
591	DOID:14221	277.7
592	DOID:14221	277.7
593	DOID:14221	E88.81
594	DOID:13378	446.1
595	DOID:13378	446.1
596	DOID:13378	M30.3
597	DOID:9917	163.8
598	DOID:9917	197.2
599	DOID:1936	440
600	DOID:1936	440.0
601	DOID:1936	437.0
602	DOID:1936	440.1
603	DOID:1936	440.9
604	DOID:1936	440.9
605	DOID:1936	I25.1
606	DOID:1936	I70
607	DOID:1936	I70.0
608	DOID:1936	I67.2
609	DOID:1936	I70.1
610	DOID:1936	I70.91
611	DOID:11555	371.57
612	DOID:11555	H18.51
613	DOID:12995	312.9
614	DOID:12995	312.9
615	DOID:12995	F91
616	DOID:12995	F91.9
617	DOID:363	179
618	DOID:363	183
619	DOID:363	183.9
620	DOID:363	182
621	DOID:363	179
622	DOID:363	C55
623	DOID:363	C57.4
624	DOID:363	C54.1
625	DOID:363	C54
626	DOID:363	C54.9
627	DOID:12361	242.00
628	DOID:12361	E05.0
629	DOID:184	170.7
630	DOID:184	190.1
631	DOID:184	170.9
632	DOID:184	C40.2
633	DOID:184	C69.6
634	DOID:13241	136.1
635	DOID:13241	136.1
636	DOID:13241	M35.2
637	DOID:2377	340
638	DOID:2377	340
639	DOID:2377	G35
640	DOID:12849	299.0
641	DOID:12849	299.00
642	DOID:12849	F84.0
643	DOID:635	042
644	DOID:635	B20
645	DOID:0060073	164.0
646	DOID:0060073	200.0
647	DOID:0060073	200.7
648	DOID:0060073	200.0
649	DOID:0060073	200.1
650	DOID:0060073	200.7
651	DOID:0060073	238.79
652	DOID:0060073	V10.79
653	DOID:0060073	204.10
654	DOID:0060073	238.7
655	DOID:0060073	204.90
656	DOID:0060073	204.00
657	DOID:0060073	239.89
658	DOID:0060073	C37
659	DOID:0060073	C26.1
660	DOID:0060073	C85.9
661	DOID:3571	155.0
662	DOID:3571	155.2
663	DOID:3571	155.2
664	DOID:3571	C22.0
665	DOID:3571	C22.9
666	DOID:3571	C22.2
667	DOID:1094	314.8
668	DOID:1094	314.01
669	DOID:2174	190.8
670	DOID:2174	190.5
671	DOID:2174	190.3
672	DOID:2174	190.4
673	DOID:2174	190.0
674	DOID:2174	C69.2
675	DOID:2174	C69.0
676	DOID:2174	C69.1
677	DOID:8778	555.1
678	DOID:8778	555.1
679	DOID:8778	555.0
680	DOID:8778	K50.1
681	DOID:8778	K50.0
682	DOID:8778	K52.9
683	DOID:8778	K52.9
684	DOID:8778	K50.0
685	DOID:8778	K50.1
686	DOID:13499	152.1
687	DOID:13499	152.1
688	DOID:13499	C17.1
689	DOID:1826	345.9
690	DOID:1826	345.00
691	DOID:1826	345.01
692	DOID:1826	345.10
693	DOID:1826	345.11
694	DOID:1826	345.2
695	DOID:1826	345.3
696	DOID:1826	345.40
697	DOID:1826	345.41
698	DOID:1826	345.50
699	DOID:1826	345.51
700	DOID:1826	345.60
701	DOID:1826	345.61
702	DOID:1826	345.70
703	DOID:1826	345.71
704	DOID:1826	345.80
705	DOID:1826	345.81
706	DOID:1826	345.90
707	DOID:1826	345.91
708	DOID:1826	G40.9
709	DOID:1826	G40.909
710	DOID:1826	G40.8
711	DOID:10652	331.0
712	DOID:10652	331.0
713	DOID:10652	G30
714	DOID:10652	G30.9
715	DOID:10652	G30
716	DOID:10652	G30
717	DOID:10652	G30
718	DOID:10652	G30
719	DOID:10652	G30
720	DOID:10652	G30
721	DOID:10652	G30
722	DOID:10652	G30
723	DOID:10652	G30
724	DOID:10652	G30
725	DOID:10652	G30
726	DOID:10283	185
727	DOID:10283	185
728	DOID:10283	C61
729	DOID:332	335.20
730	DOID:332	335.20
731	DOID:332	G12.21
732	DOID:332	G12.2
733	DOID:332	G12.2
734	DOID:332	G12.2
735	DOID:3070	191.9
736	DOID:3070	191.7
737	DOID:12930	674.5
738	DOID:12930	425.4
739	DOID:12930	I42.0
740	DOID:12930	I42.0
741	DOID:12930	I42.0
742	DOID:12930	I42.0
743	DOID:12930	I42.0
744	DOID:12930	I42.0
745	DOID:12930	I42.0
746	DOID:12930	I42.0
747	DOID:12930	I42.0
748	DOID:12930	I42.0
749	DOID:12930	I42.0
750	DOID:12930	I42.0
751	DOID:12930	I42.0
752	DOID:12930	I42.0
753	DOID:12930	I42.0
754	DOID:12930	I42.0
755	DOID:12930	I42.0
756	DOID:12930	I42.0
757	DOID:12930	I42.0
758	DOID:12930	I42.0
759	DOID:12930	I42.0
760	DOID:12930	I42.0
761	DOID:12930	I42.0
762	DOID:12930	I42.0
763	DOID:12930	I42.0
764	DOID:12930	I42.0
765	DOID:12930	I42.0
766	DOID:12930	I42.0
767	DOID:12930	I42.0
768	DOID:12930	I42.0
769	DOID:12930	I42.0
770	DOID:12930	I42.0
771	DOID:12930	I42.0
772	DOID:12930	I42.0
773	DOID:12930	I42.0
774	DOID:12930	I42.0
775	DOID:12930	I42.0
776	DOID:12930	I42.0
777	DOID:12930	O90.3
778	DOID:10976	583.1
779	DOID:10976	N03.2
780	DOID:3277	164.0
781	DOID:3277	164.0
782	DOID:3277	C37
783	DOID:9835	367.4
784	DOID:9835	367.2
785	DOID:9835	367.20
786	DOID:9835	367.1
787	DOID:9835	367.81
788	DOID:9835	367.31
789	DOID:9835	367.0
790	DOID:9835	367.9
791	DOID:9835	H52.7
792	DOID:9835	H52.4
793	DOID:9835	H52.2
794	DOID:9835	H52.20
795	DOID:9835	H52.1
796	DOID:9835	H52.31
797	DOID:9835	H52.0
798	DOID:12185	387.8
799	DOID:12185	387.9
800	DOID:12185	H80.8
801	DOID:12185	H80.80
802	DOID:0050741	303.90
803	DOID:0050742	305.1
804	DOID:0050742	F17
805	DOID:0050742	F17.2
806	DOID:0050742	F17.20
807	DOID:3312	296.40
808	DOID:3312	296.60
809	DOID:3312	296.80
810	DOID:3312	296.50
811	DOID:3312	301.1
812	DOID:3312	301.10
813	DOID:3312	301.13
814	DOID:3312	296.80
815	DOID:3312	F31
816	DOID:3312	F31.9
817	DOID:3312	F34.0
818	DOID:9206	530.85
819	DOID:9206	530.85
820	DOID:9206	K22.7
821	DOID:9206	K22.70
822	DOID:4481	477.9
823	DOID:4481	477
824	DOID:418	710.1
825	DOID:418	517.2
826	DOID:418	710.1
827	DOID:418	M34.0
828	DOID:418	M34.9
829	DOID:418	M34.81
830	DOID:5041	150.2
831	DOID:5041	150.3
832	DOID:5041	150.4
833	DOID:5041	150.5
834	DOID:5041	150.8
835	DOID:5041	150.9
836	DOID:5041	C15.3
837	DOID:5041	C15.4
838	DOID:5041	C15.5
839	DOID:1319	191
840	DOID:1319	191.9
841	DOID:1319	239.6
842	DOID:1319	191.9
843	DOID:1319	C71
844	DOID:1319	C71.9
845	DOID:1319	C71.0
846	DOID:1319	C71.7
847	DOID:0050425	333.94
848	DOID:0050425	333.94
849	DOID:0050425	G25.81
850	DOID:11819	189.2
851	DOID:11819	188.6
852	DOID:11819	189.2
853	DOID:11819	C66
854	DOID:11819	C67.6
855	DOID:8577	556
856	DOID:8577	556.5
857	DOID:8577	556.9
858	DOID:8577	556.9
859	DOID:8577	556
860	DOID:8577	K51
861	DOID:8577	K51.9
862	DOID:10941	437.3
863	DOID:10941	I60.7
864	DOID:784	585.6
865	DOID:784	585.9
866	DOID:784	N18.9
867	DOID:10534	151
868	DOID:10534	151.4
869	DOID:10534	151.5
870	DOID:10534	151.6
871	DOID:10534	151.9
872	DOID:10534	151.3
873	DOID:10534	151.1
874	DOID:10534	151.0
875	DOID:10534	151.9
876	DOID:10534	C16
877	DOID:10534	C16.2
878	DOID:10534	C16.5
879	DOID:10534	C16.6
880	DOID:10534	C16.9
881	DOID:10534	C16.1
882	DOID:10534	C16.4
883	DOID:10534	C16.0
884	DOID:13223	218
885	DOID:13223	218.9
886	DOID:13223	218.0
887	DOID:13223	218.2
888	DOID:13223	218.1
889	DOID:13223	218.9
890	DOID:13223	D25
891	DOID:13223	D25.9
892	DOID:13223	D25.0
893	DOID:13223	D25.2
894	DOID:13223	D25.1
895	DOID:7693	441.4
896	DOID:1964	183.2
897	DOID:1964	183.2
898	DOID:1964	221.0
899	DOID:1964	C57.0
900	DOID:10871	362.50
901	DOID:10871	362.50
902	DOID:10871	H35.30
903	DOID:14268	576.1
904	DOID:14268	K83.0
905	DOID:14268	K83.0
906	DOID:13189	274
907	DOID:13189	274.0
908	DOID:13189	274.00
909	DOID:13189	274.9
910	DOID:13189	274.9
911	DOID:13189	274
912	DOID:13189	274.00
913	DOID:13189	274.02
914	DOID:13189	274.01
915	DOID:13189	274.03
916	DOID:13189	274.10
917	DOID:13189	274.19
918	DOID:13189	274.89
919	DOID:13189	274.81
920	DOID:13189	274.82
921	DOID:13189	588.89
922	DOID:13189	593.9
923	DOID:13189	984.9
924	DOID:13189	M10
925	DOID:13189	M10.9
926	DOID:2394	183.0
927	DOID:2394	183.0
928	DOID:2394	C56
929	DOID:8850	142.8
930	DOID:8850	142.2
931	DOID:8850	142.0
932	DOID:8850	142.1
933	DOID:8850	142.9
934	DOID:8850	C08
935	DOID:8850	C08.1
936	DOID:8850	C07
937	DOID:8850	C08.0
938	DOID:5099	160.1
939	DOID:986	704.01
940	DOID:986	704.01
941	DOID:986	L63
942	DOID:986	L63.9
943	DOID:1459	244.9
944	DOID:1459	243
945	DOID:1459	244.0
946	DOID:1459	244.2
947	DOID:1459	244.9
948	DOID:1459	E03.9
949	DOID:1459	E00.1
950	DOID:1459	E03.1
951	DOID:1459	E03.9
952	DOID:1459	E89.0
953	DOID:14004	441.2
954	DOID:594	300.01
955	DOID:11612	256.4
956	DOID:11612	256.4
957	DOID:11612	E28.2
958	DOID:11615	187.3
959	DOID:11615	187.4
960	DOID:11615	187.2
961	DOID:11615	187.4
962	DOID:11615	C60
963	DOID:11615	C60.2
964	DOID:11615	C60.9
965	DOID:11615	C60.1
966	DOID:3393	411.89
967	DOID:3393	410.01
968	DOID:3393	410.00
969	DOID:3393	410.02
970	DOID:3393	410.41
971	DOID:3393	410.40
972	DOID:3393	414.03
973	DOID:3393	410.42
974	DOID:3393	414.05
975	DOID:3393	410.22
976	DOID:3393	410.21
977	DOID:3393	410.20
978	DOID:3393	414.19
979	DOID:3393	411.81
980	DOID:3393	414.99
981	DOID:3393	414.01
982	DOID:3393	410.70
983	DOID:3393	410.71
984	DOID:3393	410.72
985	DOID:3393	414.00
986	DOID:3393	410.92
987	DOID:3393	414.10
988	DOID:3393	410.90
989	DOID:3393	410.91
990	DOID:3393	410.30
991	DOID:3393	410.31
992	DOID:3393	410.32
993	DOID:3393	414.02
994	DOID:3393	410.12
995	DOID:3393	410.10
996	DOID:3393	410.11
997	DOID:3393	410.52
998	DOID:3393	414.12
999	DOID:3393	410.50
1000	DOID:3393	410.51
1001	DOID:3393	414.04
1002	DOID:3393	411.1
1003	DOID:3393	411.0
1004	DOID:3393	414.2
1005	DOID:3393	414.3
1006	DOID:3393	414.4
1007	DOID:3393	414.07
1008	DOID:3393	414.8
1009	DOID:3393	414.9
1010	DOID:3393	414.06
1011	DOID:3393	410.9
1012	DOID:3393	414.11
1013	DOID:3393	414.0
1014	DOID:3393	413.1
1015	DOID:3393	413.0
1016	DOID:3393	413.9
1017	DOID:3393	410.61
1018	DOID:3393	410.60
1019	DOID:3393	410
1020	DOID:3393	412
1021	DOID:3393	410.81
1022	DOID:3393	410.80
1023	DOID:3393	410.82
1024	DOID:3393	414.0
1025	DOID:3393	414.9
1026	DOID:3393	746.85
1027	DOID:3393	411.1
1028	DOID:3393	414.00
1029	DOID:3393	I20
1030	DOID:3393	I25
1031	DOID:3393	I20.8
1032	DOID:3393	I20.9
1033	DOID:3393	I21.11
1034	DOID:3393	I23.2
1035	DOID:3393	I23.1
1036	DOID:3393	I23.0
1037	DOID:3393	I20.0
1038	DOID:3393	I20.1
1039	DOID:3393	I21.19
1040	DOID:3393	I23.8
1041	DOID:3393	I21.4
1042	DOID:3393	I22.8
1043	DOID:3393	I22.9
1044	DOID:3393	I21.3
1045	DOID:3393	I22.2
1046	DOID:3393	I22.0
1047	DOID:3393	I22.1
1048	DOID:3393	I24.8
1049	DOID:3393	I24.9
1050	DOID:3393	I24.0
1051	DOID:3393	I24.1
1052	DOID:3393	I21.21
1053	DOID:3393	I21.02
1054	DOID:3393	I21.01
1055	DOID:3393	I21.29
1056	DOID:3393	I21.09
1057	DOID:3393	I23.7
1058	DOID:3393	I23.6
1059	DOID:3393	I23.3
1060	DOID:3393	I25
1061	DOID:3393	I25.1
1062	DOID:3393	I25.10
1063	DOID:3393	I25.9
1064	DOID:3393	K76.1
1065	DOID:3393	I21
1066	DOID:3393	I22
1067	DOID:3393	I21
1068	DOID:3393	I22
1069	DOID:3393	I20.0
1070	DOID:5419	295.8
1071	DOID:5419	295.80
1072	DOID:5419	295.3
1073	DOID:5419	295.30
1074	DOID:5419	295.31
1075	DOID:5419	295.32
1076	DOID:5419	295.90
1077	DOID:5419	F20.0
1078	DOID:10153	152.2
1079	DOID:10153	152.3
1080	DOID:10153	209.03
1081	DOID:10153	C17.2
1082	DOID:5559	164.9
1083	DOID:5559	164.3
1084	DOID:5559	786.6
1085	DOID:5559	164.9
1086	DOID:5559	C38.3
1087	DOID:5559	C38.2
1088	DOID:10021	152.0
1089	DOID:10021	156.2
1090	DOID:10021	152.0
1091	DOID:10021	C17.0
1092	DOID:10021	C24.1
1093	DOID:3953	194.0
1094	DOID:3953	194.0
1095	DOID:3953	C74
1096	DOID:3953	C74.9
1097	DOID:3953	C74.1
1098	DOID:3953	C74.0
1099	DOID:90	722.6
1100	DOID:8986	347.0
1101	DOID:8986	347.00
1102	DOID:8986	G47.41
1103	DOID:8986	G47.419
1104	DOID:263	189.0
1105	DOID:263	189.1
1106	DOID:263	189.0
1107	DOID:263	C64
1108	DOID:263	C65
1109	DOID:3310	691.8
1110	DOID:3310	L20
1111	DOID:3310	L20.81
1112	DOID:3310	L20.9
1113	DOID:4159	184.1
1114	DOID:4159	184.2
1115	DOID:4159	187.1
1116	DOID:4159	172
1117	DOID:4159	172.0
1118	DOID:4159	172.2
1119	DOID:4159	172.4
1120	DOID:4159	172.5
1121	DOID:4159	172.9
1122	DOID:4159	173.9
1123	DOID:4159	173.90
1124	DOID:4159	C51.0
1125	DOID:4159	C51.1
1126	DOID:4159	C60.0
1127	DOID:4159	C44
1128	DOID:4159	C44
1129	DOID:4159	C43
1130	DOID:4159	C43.0
1131	DOID:4159	C43.2
1132	DOID:4159	C43.4
1133	DOID:4159	C43.9
1134	DOID:9970	278.00
1135	DOID:9970	278.01
1136	DOID:9970	278.00
1137	DOID:9970	E66.9
1138	DOID:12365	084
1139	DOID:12365	084.6
1140	DOID:12365	084.3
1141	DOID:12365	084.1
1142	DOID:12365	084.0
1143	DOID:12365	084.8
1144	DOID:12365	084.2
1145	DOID:12365	084.5
1146	DOID:12365	084.6
1147	DOID:12365	B54
1148	DOID:12365	B53.0
1149	DOID:12365	B51
1150	DOID:12365	B51.9
1151	DOID:12365	B50
1152	DOID:12365	B50.9
1153	DOID:12365	B50.0
1154	DOID:12365	B52
1155	DOID:12365	B52.9
